class	sentence
5	French Twists treats
5	IT 's the BEST
5	lemon balm leaves
5	Cadet Bully Sticks
1	This BBQ is baaad
5	Dog Teeth Chews
5	I love these granola bars
2	Water is Cheaper
5	This is my fifth order
5	check-ups are amazing
5	This Tea is Lovely
5	I love these Kcups
1	Product Seemed Old
5	Sardines were Excellent
1	I hate this new packaging
5	They 're the best
5	Every dog is different
5	this is a good noodle
5	The Price Is Right
5	Red Bull Rocks
5	This Tahini is Awesome
4	The quality is ok
4	one was moldy
3	Results may vary
4	Special wt lose
5	Hextra Dog Chews
5	I love these Dutch Mints
5	Great Kids Snack
5	This is a Superfood
1	It triggers my migraines
1	Chip Twists Scare
5	Licorice Cough Drops
3	dog teeth care
5	I tried my luck
1	Some things do change
3	5 Gum React2
5	I looove the flooops
5	Spam Singles Great
1	It 's No Appletini
5	I missed my BB Kix
5	My dogs are deeelighted
5	Izze is Awesome
5	I love this Coconut Oil
5	This is a must try
5	Change is good
5	IT 'S OUR FAVORITE
5	McCormicks Is Great
5	Bread Makers Yeast
5	Necco Waffers Delight
3	Quality is variable
5	My fingers are thankful
5	authentic Dutch drop
3	instructions were wrong
5	This is the BEST LICORICE
5	DIABETISWEET IS SWEET
5	Decaf Lovers Rejoice
5	A hair must have
3	It was a good try
5	I love this coffee maker
2	The ingredients have changed
2	Feeder is unsafe
5	Lemon newton thins
1	DESCRIPTION IS INCORRECT
5	Strong Chewers Delight
5	Big Bobs Rocks
1	Shipping Method Disappointed
5	Great Nathan Treats
5	It Helped the Spider
5	Beer Can Wabbit
5	I 'm A Nut Job
5	DisposaKups are Fantastic
1	I lost my plant
1	I hate this tea
5	I like this milk
5	I love this pizza sauce
1	The price is ridiculous
5	I love this oatmeal
5	This food is AMAZING
3	Earl Grey Decaf
3	each can arrived dented
4	Hellza ' poppin'
3	I like the DisposaKups
5	Izze is Delicious
5	Applejack are awesome
5	Veggies Taste Good
1	The Sparkle was gone
1	Cat 's Unhappy
1	It 's the Pits
5	I 'm a Godiva-Diva
5	Sesame pretzel rings
5	Zotz Still Delivers
5	Saccharin is great
5	Ancient Grain Rebirthed
5	Minis are better
5	This granola is wonderful
5	Cappuccino is fantastic
3	Haribo is better
1	Thing tastes bad
5	I like the convenience
5	My search is Over
2	Reviewers are right
1	Order Fell Short
5	Life is good
5	Numi is Yummy
5	Froose = yummy
1	Chips were rancid
5	Coffee People Coffe
5	I Stole This Coffee
4	one bottle leaked
5	mouth watering good
5	i love this oatmeal
5	I LOVE this sparking water
5	K2O Lemonade Rocks
5	Jumbo is super
4	I liked this cereal
4	amazon is overpriced
2	Taste is off
3	your mileage may vary
5	wheat pasta subsitute
5	Seeds really grow
5	nectasweet is sweet
5	Oreos always win
5	This Stuff is Terrific
1	Cereal boxes crushed
3	Somebody made a booboo
5	Nutella is great
3	It was a gift
5	Nantucket Offshore Rubs
5	I LOVE this nut butter
1	Beans are dry
1	mushy falls apart
5	Patience Is Key
5	We LOVE these pretzels
5	Flavor-doh is great
5	Corgi Owners Beware
5	We love this Muesli
5	Best Togarashi made
1	These things are TINY
3	NEED LEMONADE ADDED
4	Hair Felt Good
5	Sour Punch Delivers
5	Bob 's Red
4	Christmas memories rekindled
5	I love this mustard
5	THIS PRODUCT IS GREAT
3	Item Description Sucks
5	I love this German baker
5	I love the powdered xylitol
5	These are our go-to treats
5	I love this seasoning
5	This is my new conditioner
4	These did the trick
5	tootsie roll pops
5	Jelly Belly Flops
4	We saw some improvements
5	I Got My Fix
1	New formula fails
5	I love this coffe
5	more then pleased
5	This is an excellent ham
1	Price is RIDICULOUS
4	My cats come running
5	dental dog chews
5	These grits were excellent
5	This Made My Day
5	Jerky made great
5	pero is great
3	Devonsheer Sesame Rounds
5	They 're the Best
5	Almondy goodness MMMM
5	Favorite Chai Concentrate
5	Vet is amazed
4	It 's a nice change
1	the rice is expired
5	Older is Better
4	Rice is Nice
1	Worst flowers recieived
5	These are a keeper
1	Restricted diets beware
5	Greenies are GRReat
5	Cet HEXtra chews
3	Ingredients have changed
4	kids were thrilled
1	Natural flavoring added
1	This coffee is aweful
5	This food is great
1	Taste is horrid
1	This tea is disgusting
5	Mini Dachshund Approves
5	Yummy milk spread
1	Tea Tasted Old
1	tea time troubles
2	I regret my purchase
3	Description is Misleading
2	High hopes dashed
5	Cumin is great
4	These flavors are good
4	These do the trick
5	Family reunion hit
4	I love my Splenda
2	These cloves taste off
5	jerky is yummy
2	THESE PEANUTS ARE OK
1	Formula has changed
2	Flavoring tastes odd
5	Hershey 's Great
5	This is the shizz
1	Cardboard tastes better
5	This is the best presentation
5	It does the job
3	Others are better
5	the seeds actually geminated
5	This bowl is delicious
1	These products are terrible
4	Moth Trap Works
2	Sunsweet is better
5	Best Popcorn sold
5	I love these apples
4	the seeds are great
5	We like that Caesar Taste
5	Taste is Authentic
5	Unsulfured is BEST
5	Possibilities are endless
3	Size does matter
1	lavender is over-powering
5	I LOVE THIS TEA
5	My hair feels great
1	It is a liar
5	There are no substitutes
5	Pantry Must Have
5	This is a decent price
4	Cashews are better
5	I love this coconut oil
1	Order Was Cancelled
5	This seller is overpriced
3	others are better
1	They sent the wrong flavor
5	Title is deceiving
5	I love these cookies
1	this stuff is disgusting
5	I love this bread
5	great milk shakes
1	Chocolate was old
4	cumin is good
4	They Love the Soup
5	Flavor is Perfect
4	It took a while
1	They have no clue
1	Chocolate was white
1	Box arrived busted
5	I like this blend
5	I love this Crystal Light
4	Tastes may vary
5	Grains are fresh
4	Nylabones Are Great
5	Peace Lilys Perform
4	it got a wow
5	Bully Stick Bites
5	Rawhide Retriever Rolls
2	Snickerdoodles were inedible
2	Crackers Were Burned
5	Potato Pearls Rock
2	Dog fell sick
2	Name is misleading
5	more is better
4	Carob is good
5	We love this set
2	pricing is incorrect
5	Yogi Stomach Ease
5	Healthy kids snack
5	This price is outrageous
4	She Loves Her Food
1	The packaging is wrong
1	Item arrived damaged
2	Taste is Sub-par
3	sharper is better
5	It 's a big surprise
5	No other will do
5	I love this Matcha
5	bigger is better
1	I hate the flavor
5	Miracle Fruit Rocks
5	Goldfish taste good
5	THIS GUM IS AWSOME
4	Shito was Wow
1	new recipe sucks
5	The spices are great
5	I made a fantastic Trifle
5	I Love This Stuff
5	Wonderful stuff Emergen-C
4	This is a keeper
3	Cakes were ok
4	Xango bottles leaked
3	I 'm a choco-holic
1	IT 'S A LAXATIVE
5	Weight Watchers Dream
5	Crunchy goodness abounds
5	i love this scent
5	gophers be gone
1	These Smarties are Dumb
5	Healthy Corn Thins
5	These candies are delightful
5	Senseo Coffe Rocks
5	I love this biscuits
5	there is a cheaper alternative
5	Rosemary 's Real
1	product was unavailable
5	Organic Mothers Milk
5	Product Is Sweetened
1	Price is outrageous
1	FLAVOR IS TERRIBLE
1	Picture is Wrong
3	I miss the syrup stickiness
1	Sunflower Seed Particulates
5	I love these baking cups
3	Popchips are better
5	EBOOST IS AMAZING
5	This salt is amazing
2	These are a miss
4	It 's a Maple
4	jelly belly flops
5	Leonidas is superb
5	I use a small crockpot
5	Picky Cat Approved
5	fruit leather rocks
5	I 'm a coffee drinker
1	CAN 'T COUNT
5	ginger lovers rejoice
5	Coffe lovers delight
5	Dog was pleased
5	This Tiger really growls
5	Weight Watchers dream
3	Coffee seems weak
5	I LOVE THIS STUFF
1	This pricing is ridiculous
5	FRS is great
3	Diet is right
1	My cat almost died
3	Cans Came Dented
5	Price is Ridiculous
5	Pasta is back
5	Healthy Bones treats
4	Doublemint is great
5	I got my Iced Tea
5	Hextra dog chews
4	Lite is right
3	spoonful becomes more
5	I LOVE these pickles
3	Flavor is Ok
5	cake paint shimmer
5	Ice is nice
5	Nylabone Always Delivers
3	i love the variety
5	My fish is thriving
5	IBD much improved
5	Gums are great
4	Mocha is best
5	It 's an acquired taste
1	this stuff is horrible
5	Scarpetta is betta
5	I love the item
4	K- Cups Delight
1	This Stuff 's Gross
4	i like this flavor
1	The packages are terrible
5	GoLean tastes Great
1	the chocolate was old
5	There is no substitute
5	Everybody loves these things
3	Root Beer Concentrates
5	This is the real thing
5	Picky Eater Approved
4	Baby is eating
5	My Mom was thrilled
5	Chocolate lovers delight
1	Rolls were moldy
5	The benefits are amazing
3	Belly Flops Reveiw
5	I love this gum
4	this is a good value
5	I Love this mustard
4	It was a hit
3	some jars went bad
4	the leaves are chopped
5	Maggi is best
5	pessimism proved wrong
1	Coffee Lovers Beware
4	Spray bottle broken
4	The Smell is Incredible
1	Box is misleading
1	this product is dangerous
3	Flea Trap Refills
4	They have a good flavor
5	I LOVE THESE MANGOES
5	AR Really Works
5	We love this soup
5	THIS IS AN EXPENSIVE HABIT
5	baby is addicted
5	MY CATS GO NATURAL
5	I love my SF Syrups
5	This gum tastes great
5	no other will do
2	Packs were hard
1	pods get stuck
5	my wife is relieved
5	They are the same
5	Vernors is great
5	Old is better
5	Coca Tea Delivers
5	First time trying
5	This stuff is strong
4	Click really clicks
1	Shipping is crazy
5	Cake was wonderful
5	I second every 5-star review
5	Chocolate is excellent
4	It is a cultural thing
5	it 's the chili
3	It needs a new shape
5	They are a yummy delight
4	I like this coconut water
5	Grass B Gone
4	it was an acquired taste
1	My order was canceled
5	This stuff is incredible
1	The food was rotten
3	The packaging is annoying
5	Koma is delicious
5	This is the REAL thing
4	Crunchies Are Awesome
5	I 'm a runner
5	I LOVE this ice flavoring
5	This is the best seltzer
5	cat grass refills
5	Packaging was insufficient
5	lovely shrimp tinned
5	People were right
1	Price is ridiculous
5	Ambrosoli Honees barrs
1	the rating is misleading
1	Vendor is overpriced
5	Dressing is good
2	The original is available
1	Item was stale
5	These cakes are great
1	Product taste horrible
5	Outburst Energy Bites
5	Cliff Fruit Twists
2	Fuhgeddaboutit being good
5	Almond Flour Benefit
1	all 12 badly dented
3	I love this pancake mix
5	puppy ziggies rock
5	My Family is Addicted
1	This Gum is BAD
5	OATMEAL IS GOOD
5	Muir tomato ketchup
5	Cat is addicted
5	Everybody loves my spagetti
4	It 's My Bag
5	It 's the New Cereal
4	Teeccino is terrific
1	very few shipped
5	I love these chocolate cookies
5	I gots the Bawls
5	cautious mom approves
5	Melba Toast Rocks
5	i love the flavor
5	Razzpotle is yummilicious
5	Best wafers tasted
4	I love these flatbread
5	Pantry must have
3	The taste is alright
2	You have no choice
5	This Guayusa is Fantabulous
4	Sesmark Sesame Thins
1	Cans all dented
5	Chilfhood Memories Relived
2	Wafers stuck together
5	Everyone ate their vegetables
5	Alessi soups rock
5	EBOOST Really Works
1	I LOST ALL MY HAIR
5	I LOVE this coconut oil
5	Lunches are happier
2	They shipped the wrong product
5	I 'm a Believer
5	Some Tings Never Change
5	Pez is amazing
3	Some fruit was spoiled
5	THIS IS A MUST
5	amazon shipping sucks
5	We Love this Formula
2	This was a disappointment
3	This stuff tastes horrible
5	I LOVE THIS SPICE
5	These Things Are Delicious
4	This is a strong coffee
4	My beagle is happy
5	All spice no pumpkin
2	The Picture is Misleading
5	The spice is nice
2	Mine was dry
5	PEOPLE ALWAYS ASK--
1	Aftertaste is horrible
5	Pleasant memories revived
1	half were ok
5	I love this toy
5	Hemp is good
5	This is a family favorite
4	This product is iffy
4	Dat 's Some Spicy Popcorn
5	bugs are yummy
5	Herring died smiling
5	best dog chews
5	Black cherry concentrate
5	I 'm a loyal customer
5	This is a panacea
5	These Bars Are Awesome
3	Kraft is better
5	This is a great blend
5	Pamelas is tasty
5	The grape are delicious
3	It 's an ok drink
5	chocolate lovers delite
5	It 's a LOT
4	jaybars are good
2	This is a ripoff
5	I found my perfect olives
1	This is the small size
5	i love this chocolate
5	These crackers are fantastic
5	HUGS are Welcome
5	None stop chewing
1	Cofffee was stale
5	My Search Has Ended
5	Sauerbraten made easy
5	Nong Shim Rocks
5	Lucky Bambo Set
2	Hot cocoa blahs
5	I Hit the motherload
4	Merrick Pig Snozzles
5	Sturdier then expected
1	This stuff is nasty
1	PACKETS KEEP BREAKING
5	I love these brownies
2	Taste is bad
5	Weight loss benefits
4	Tates is strong
5	These crackers are awesome
1	This is a terrible drink
5	Flavors are robust
1	Oral Hygiene Chews
1	All cans were damaged
5	Yogi Get Regular
5	I Love this Stuff
2	candy was melted
2	Riceworks chips crushed
5	We Love These Crackers
5	Classico is Classic
5	Raw = Better
5	Lean Body Shake
5	Olive lovers dream
1	Dog Food overrated
3	Healthy training treats
5	It is an amazing meal
2	package was damaged
5	My cat is happy
5	Super Licorice Chews
3	Better choices abound
5	This is the business
5	Activate is Different
4	I LOVE THIS OATMEAL
5	This Stuff Is Good
5	THis stuff is great
5	Jolly ranchers pops
5	Candy Lovers Rejoice
5	It fooled my family
5	She ate every last drop
4	It 's a good deal
1	This stuff is NASTY
5	sportea is great
5	The Spice Is Nice
5	I love this flavor
1	HOSTESS IS AWFUL
5	pretzel pieces snack
5	Splenda is great
5	Harvest Grains Curry
5	Great energy burst
5	Hot Hoagie Spread
5	I missed my salsa
4	Product recently changed
5	Shipping is fast
5	Carmel Tootsie Pops
3	Portions are SMALL
5	This Juice is Amazing
5	This Stuff is Amazing
1	Crust is Terrible
1	Pumps are Defective
5	Izzes are great
5	Stash is best
2	Formula Change Fail
5	BLK is AWESOME
5	It 's a winner
2	Product was Spoiled
5	Sunbutter is GREAT
5	I LOVE THIS PRODUCT
5	I 'm a repeat buyer
3	Cheese is OK
5	Arnold is happy
3	Price has skyrocketed
5	We are a fan
5	This is a Wonderful Tea
5	Nuts are perfect
5	cats go crazy
5	This Stuff is Great
5	We love this stuff
5	I like the reds
1	The flavor is terrible
3	FLAVORS TASTE ARTIFICIAL
5	I am a cheater
1	Dogs became ill
5	We love this Chai
5	Simply bars rock
3	Packaging is Inadequate
1	reformulation is terrible
5	Supremo is superb
5	This is an excellent product
5	Kitty Cat Approved
1	Every can is dented
5	I 'm a big fan
5	I love this green tea
5	Other Review Dishonest
4	earl grey decaf
5	This Stuff is Awesome
5	Chihuahua puppy approved
2	Bag was old
2	Not all were decaf
5	yummy = smooth
5	Greenies Dog Chews
4	Almonds are good
5	Horlicks is Great
1	It breaks the coffee maker
5	combo is great
4	1 can busted
3	Rope is weak
5	This Stuff Is Amazing
1	Advertising is misleading
5	16lb dog LOVES
4	I like this peach tea
2	My cat was indifferent
5	These Lids are GREAT
5	this is my crack
5	Rice Is Nice
3	I have a Question
5	It 's the real stuff
5	This juice is delicious
5	Nerds are great
5	I 'm a new fan
5	chips are awesome
5	EVERYTHIGN LOOKS GOOD
4	The donut is subtle
5	Friend is pleased
5	Bully Sticks Reviewed
3	Orgain Chocolate shakes
1	This Flavor is Disgusting
5	It 's the stuff
5	EVERY book is educational
5	I love my daughter
5	WONDERFUL SEZME SNAPS
5	An addiction was born
5	AeroGarden is wonderful
4	It 's A Balance
5	hemp is great
1	Blend function broke
5	Nylabones are great
1	fox u bet
4	this stuff is hot
5	Egg whites simplified
5	Joray Apricot rolls
5	everyone loves this tea
1	Product came destroyed
3	The Boxes were damaged
4	THE TASTE IS GOOD
5	We love these Life Savers
2	Blueberry Fruit Thins
1	Worst Coffee tasted
2	Hazelnut is bitter
5	This is My Favorite Coffee
5	Cholesterol is lower
2	Dogs Find Bland
2	CHOCOLATE TASTES CHEAP
3	Some cashews are whole
2	it has an odd aftertaste
5	My dogs areVery satisfied
5	I loved the fettuccini ones
4	some flavors are great
3	Most are yummy
2	image is deceiving
5	Cheesymite is great
5	I love this storage drawer
1	Quality Is Questionable
4	Name is deceiving
5	I Like This Tea
5	Ultra thin wasa
4	EasyMac is easy
5	This popcorn is great
5	Animals know Organic
1	I found some foreign object
5	I Love the Mallomars
5	Coffee Lovers Coffee
5	Crab Cakes Delight
5	Mistakes do happen
5	This is a decent package
5	The cheese were great
1	taste is disappointing
5	This tea is awesome
5	texture is great
5	Seaweed is awesome
5	My cats really Like
5	HERSHEYS IS BEST
5	Anne Klein Watch
1	Product came opened
5	Scalp therapy delivers
2	Costs are prohibitive
5	This Food Arrives Fresh
5	popchips are great
1	Picture is deceiving
1	This is the worse coffee
5	this stuff is great
4	I trust this company
4	husband really likes
5	I Like these Nuts
5	real milka taste
1	broadway delfA rolls
5	I love these sugar cubes
1	Product was inedible
5	These are a favorite
5	Dog can jump
2	It 's a burger
5	I love this brand
1	This milk tastes sour
4	Popover made easy
5	Super dog chews
4	Results will vary
5	Astranaut Icecream Scores
5	spam haters begone
5	Mango-ginger chews work
5	I Love this stuff
5	Theyre seeds lol
5	Pooch Is Happy
5	I love this protein shake
1	this stuff is awful
3	I smell a gimmick
5	PB2 is good
1	These burgers are irradiated
4	Great throat drops
5	Splenda is Splendid
3	Taste is okay
1	Product Never Arrived
5	There is a Difference
5	It makes the BEST Margritas
5	I like the brown rice
5	My Search is Over
5	I change my mind
1	Champagne is cheaper
5	I am a Numi fan
3	the caps were loose
5	CET HEXtra chews
5	no additives = awesome
1	OLD & CRUMBLED
5	These are the greatest
5	This review is spam
3	Chocolate had melted
4	It 's a zinger
5	This rice is ok
5	A Hair Must Have
5	There 's a better way
2	Coffee tastes old
1	Scent is overpowering
4	it 's a good wash
5	we love these wraps
5	PINE COUGH DROPS
1	Lid was busted
5	I enjoyed this product
4	This stuff is wonderful
5	Cats will eat
5	i LOVE this almond milk
5	I love this poo
5	This is a good one
5	It is the real thing
5	I prefer the flavored
5	I liked this product
2	Product Has Changed
5	Nutritional yeast rocks
3	Coffee taste alright
3	nutritionals are wrong
2	Times have changed
5	I love these waffles
5	I love this peanut butter
2	looks are deceiving
5	This stuff is GREAT
3	The Hype is Excessive
3	It 's no winner
5	Betty Crocker Rocks
5	Steven Raichlen Rubs
4	It does the trick
5	I love those little cookies
1	cheap is cheap
5	Salmon Treats Rock
5	It 's the Colombian version
4	A marathon must have
5	I relish this relish
3	Dental hygiene chews
5	Aroma is unbelievable
5	flies be gone
5	That was a good product
5	my dog is obsessed
5	Food Critics Abound
3	Sensitive eaters beware
5	These Stroopies are great
5	Knox is great
5	squirrel nut chews
5	I love these nuts
5	Cotton Candy Pops
1	I miss my Dutch Brothers
5	Great Belly Flops
5	i love this crap
5	I love this Chai
5	This is an amazing tea
5	I Love This Rub
5	Great GF Rolls
5	This is a great product
5	Toffee Is Special
5	My Akita is HUGE
5	Wileys corn boil
1	They changed the formula
5	i luv this little thing
4	I LOVE the stuff
5	we love this pasta
5	Packaging was sufficient
4	doggy pill eats
5	Grill is good
1	The cereal is stale
5	this gum is great
5	I am a big fan
3	parts keep breaking
5	Flaxseed made heathier
5	This is a Wonderful Wine
5	Mallowmars are addictive
1	this cookie is awful
5	these things are gooooooooooooood
5	I love these noodles
1	the price is outrageous
5	Powder is better
4	Folgers was Better
5	baby tears plant
4	I am a coffeeholic
3	Taste is individual
5	I like this mustard
5	Crix does Lash
1	LABEL IS MISLEADING
5	This stuff is FANTASTIC
3	Neuro Drinks cost
5	This is an affordable Luxury
1	The berries are gross
2	gummies taste old
1	This Parrot is dead
5	Smaller is better
5	My cats said MEOW
5	Miracles do happen
2	Quality Has Changed
5	Pumpkin lover must
3	Pouch was ripped
5	Our Jimmmies are eternal
5	I 'm an addict
5	I Love These Things
2	pot is broken
1	Taste has tumbled
5	This made ALL the difference
5	Price is Right
4	The Price is Right
3	The cereal has changed
5	I want my plain Pop-Tarts
5	bacon jam spread
5	I love this stuff
5	flax is great
2	It 's a bust
3	pork skin rolls
3	NESPRESSO NOT ARRIVED
1	These have a horrible taste
1	Himalayan Dog Chews
5	Skin Looks Great
1	Price Almost Doubles
5	Lemons are amazing
5	My dog is obsessed
2	Peppercorns tasted off
5	Salty Salmon Spread
5	C.E.T. HEXtra Chews
4	We loved these Gummi Bears
1	Chocolate all melted
5	I like this chili powder
4	I have a Sweet tooth
5	Das ist Yummy
5	I 'm a Horehound addict
1	Carrs Cheese Melts
4	Patience is needed
5	I 'm a Shih Tzu
5	This tea is amazing
1	Shipping is horrible
2	Balls are limp
1	Cans arrived dented
4	rice krispies treats
5	Thunder be gone
3	Newtons Fruit Thins
5	Size definitely matters
1	STALE CRACKERS DISAPPOINT
5	CET dog chews
5	Everyone loves this gift
1	taste is awful
5	Cold Brew Rocks
5	ROYAL IS RIGHT
5	Checkups are great
5	Senseo is sensational
5	Recipient was delighted
3	Our Pup is Indifferent
4	Nylabone dog chews
3	There is an odor
5	Agave is Great
5	the price is right
1	Residue is semi-permanent
2	Treats were stale
1	HORMEL MICROWAVE BOWLS
4	good training treats
5	this stuff is amazing
1	Senseo machine jammed
1	lid is worhless
1	Bags split open
5	It haz the flavor
5	community coffee MMMM
3	Dogs are picky
5	I like this oatmeal
4	Price has doubled
1	Nutiva Smells Chemical
3	Taste is Great
5	Tips are great
4	The consensus was positive
1	Bag was open
5	Service was good
5	Mmh Nut Thins
4	I made some modifications
4	stuff is great
3	Product is alright
5	Pasta Lovers Dream
5	I love this Disc
1	This is the Wrong Product
1	This was a big mistake
2	Chocolate taste fake
5	Monin is grrrreat
5	black cherry concentrate
1	This coffee tastes aweful
1	They have no heat
5	These are our dogs favorites
5	These cookies are delicious
1	you sent the wrong product
2	This stuff is terrible
3	Red is Tastier
5	quality is there
5	Aunt Was Surprised
5	Yummy Chummies RULE
1	item never arrived
1	It 's the price
5	Variety is Yummy
5	I love this cereal
5	Sezme Sesame Snaps
3	The cookies were stale
5	Aroma is wonderful
5	The Search is Over
5	Kitty is ADDICTED
5	Splenda is splendid
5	I LOVE this flavor
5	Tea is Ok
5	Packaging is fine
5	Tootsie Rolls Rock
5	Paris is Perfect
5	I love the chocolate bars
4	cost is rediculous
5	This is the future
5	Almond Butter Rocks
1	Product Quality lacking
5	That was an Easy Review
2	Postage costs ridiculous
5	Price increases OUCH
1	The vanilla is overpowering
5	It 's a Keeper
5	These are a Sin
5	C.E.T Dog Chews
3	It 's a graham cracker
5	Great Expectations Exceeded
5	Sick Ferret Approved
3	It Was a Gift
5	I 'm a convert
4	Mandarin Oranges Rock
5	These are the great original
3	packaging is horrible
5	I LOVE MY DOG
3	Lemon would help
5	Homemade is Best
5	nuts are great
5	It was a Breeze
5	Kitties Are Finicky
4	The Dogs are pleased
5	Weight Watchers Delight
4	Price almost Doubled
4	This curry is HOT
5	this is the best flavor
5	This stuff really helps
4	The Ladies Are Happy
5	the classics are great
5	IT 'S THE REAL THING
4	This is the best granola
3	description is wrong
3	this thing is huge
5	whole grain benefit
5	Cats go crazy
5	Dogswell Vitality Treats
5	The candy tasted good
1	This stuff was terrible
4	The fish is better
1	Flavor is weak
5	i love this tea
5	These are THE BEST
5	Delicious chili--tastes homemade
5	This jam is delectable
5	This is a classic
5	these do the job
5	This cereal is wonderful
4	Colombian Never Disappoints
5	Doggies best treat
3	Tea is so-so
5	We trust this brand
3	Life is Hard
4	this is a good flavor
5	I loved this oat flour
3	Cheap Is Good
5	This Is The Real Stuff
1	This stuff is GROSS
2	Ingredients list wrong
5	I LOVE THESE THINGS
4	spicy udon nooodles
5	Keurig coffee refils
3	They refunded my money
1	My pom isnt interested
5	It 's a deal
5	I like this cereal
5	Dingo dog chews
2	Crackers were stale
5	this stuff is delicious
5	This is a life saver
5	Roland Farro Semipearled
1	Price is bad
3	it improve my cholesterol numbers
4	We like this Italian Blend
4	I Love These Pistachios
5	cornmeal made easy
4	Mezzomix ist cool
3	Lacks Mouth Feel
5	gingerbread house rocks
5	This tea is wonderful
3	treats fall apart
5	I Love this chocolate bar
3	some cans were dented
5	Biscoff cookies rock
4	Kona is good
5	Rawhide retriever rolls
5	Distant Memories Returned
5	This is the best stuff
5	I love this mix
3	They do the trick
5	Dogs best treat
3	Red is nuttier
5	I love my cola candy
5	I love these flakes
5	hazelnut butter RAVE
5	Vitakraft carob drops
5	I love this product
4	I LOVE THE FLAVOR
5	It 's my favorite coffee-
3	Plain is better
5	It 's The Real Thing
5	This is the best coffee
5	Nyakers Ginger Snaps
5	I adore this enchilada sauce
5	Cats are happy
5	I LOVE these snacks
1	DISGUSTING ALL MELTED
5	My dogs are happy
5	Simplebites ginger snaps
5	Great Lakes Gelatin
5	I love my brezza
1	These treats are dangerous
5	it is the cats meow
5	Liquid Cocoa Puffs
5	These are his favorites
5	It 's an autumn treat
5	Chebe is wonderful
5	Tea snobs rejoice
1	Looks Are Deceptive
5	Dog Luvers dream
1	This is no deal
5	Dental Dog Chews
5	I am a true fan
5	Peanut Butter Stir
3	very ho hum
5	This is my favorite
5	guayusa is amazing
2	They changed the cereal
1	product is terrible
1	this coffee is nasty
5	Yummy is right
5	This is the best
5	It 's a kicking coffee
2	This tea has changed
5	Gu is great
5	This stuff is addictive
5	I love this Korma paste
1	DISPENSERS ARE UNUSABLE
4	It 's an adequate compromise
5	That 's some goooood coffee
5	I LIKE THIS STUFF
5	Tea addict Approved
5	I love my tea
3	Dog Never Understood
4	Other Comment misguided
4	Larabar Never Fails
5	Kitties go bananas
5	I Love the Pomegranate Tea
5	I LOVE MY HONEY LACQUAT
4	The Taste is Amazing--Update
5	Disposakups are great
3	This is a SOUP
5	Best litter going
1	This stuff is awful
5	Super-Links are terrific
5	No Fearing This Energy Drink
5	Mi-Del ginger snaps
1	order was cancelled
5	Mom is happy
4	Organic Ginger Snaps
2	Stuff tastes vile
3	I prefer another brand
5	It 's the Best
5	coffee 's best
1	Chips are stale
5	I loved the bulk packaging
5	I love this licorice
5	We love this product
5	I love this coffee creamer
5	Nothing beats this sprouter
5	Yummy Ginger Snaps
4	PRICES ARE GREAT
5	it is the excellent
5	Soup 's On
3	Kind of Works
5	Bold is right
5	she likes these treats
5	This rice is fabalous
5	WE LOVE THIS QUINOA
5	I LOVE this stuff
1	These Bottles Are Tiny
5	Their chocolates are greag
3	I feel a little mislead
5	Bold is Best
5	No more feeling guilty
5	flavors taste great
1	It 's a brick
1	this stuff is nasty
5	Great belly flops
4	Sci diet ok
5	Tea Drinker Delighted
5	Greenies are Great
5	VEGANS are great
5	the jam is good
5	I love this dark chocolate
5	It Made a Beautiful Cake
1	People are crazy
4	This is a great shampoo
5	I 'm an Official Addict
5	This yogurt is unreal
3	It 's a mixed bag
5	This was a surprise
1	Vinturi Aerator Set
5	We like this option
5	Dogs go wacko
4	CET HEXxtra Chews
4	I like the product
5	Dog Hygiene Chews
5	Black Cherry concentrate
4	Taste is OK
5	This Makes the BEST Popcorn
5	PACKAGING IS FINE
5	IZZE = Yummy
2	Taste seems artificial
5	C.E.T. VEGGIEDENT CHEWS
5	it is an excelent cake
5	These are a great snack
2	I requested a refund
1	Mustard was outdated
5	these things are gooood
4	Soup is good
5	I love all V8 Fusions
1	Pellegrino was flat
5	Everyone loves this gum
1	Rotten curry Leaves
5	This is the bomb
5	These things are great
4	Taste is good
2	dogs didnt like
3	Licorice is overpowering
2	walmart is cheaper
5	This is a favorite tea
5	Zukes is great
4	Flake Bars Rock
5	Great ginger snaps
4	XyloSweet is ok
5	This Coffee Is GOOD
4	These are a great product
1	My family got sick
5	Perfect training treats
4	This tea 's different
5	100 Charms Pops
5	This is the real deal
5	Popster 's Awsome
5	This trap is amazing
4	this is some strong tea
5	This is my favorite tea
5	I 'm a believer
5	gerd problem resolved
4	Cost seems high
1	Taste is indescribable
5	I like these fishies
1	flavor was gone
5	cet hextra chews
5	Blacken is Beautiful
1	Buyers be aware
5	I love all these dressings
5	I bought the quick cooking
2	They changed the recipe
5	This chocolate is delicious
5	Chinotto is refreshing
2	Soup Cans Damaged
1	every can was dented
5	I like this product
5	I love my Pero
5	The chips are down
5	I am a Chai Lover
5	The Tea is Amazing
5	This is the Best
2	shipping charges excessive
1	It 's a Gas
5	I like the quality
5	This is a reluctant review
2	Coffee Tops Blew
4	Cats are finicky
1	this soap smells terrible
5	This salmon is yummy
4	picture is wrong
5	xylitol tastes great
3	These chips are okay
1	This Stuff is Horrible
2	Dented can review
3	My dog is picky
3	Benecol tastes good
4	Bacon is Good
5	Breadsticks are wonderful
5	These chips are addictive
5	Sugar Twin Granulated
5	bread machine mixes
5	It is a miracle
5	These brownies are great
1	this vendor was gross
5	I eat the loops
5	Lucky bambo working
5	Blue is Better
5	these things are unbelievable
5	Slimming Tea Works
5	Best Wheat thins
5	we love these bars
5	i love these crackers
4	I like the melon taste
5	Best Friend treats
3	Your results may vary
4	Enzymatic dog chewd
5	Greenies are GREAT
2	I love the flavor
5	Tandoori Made Easy
3	Product is fair
5	I love this cookie
4	I love this machine
1	Zero 'd Out
5	small is better
5	This drink is awesome
4	It 's A Good Conditioner
3	Original is better
5	Cornnuts Ranch Addicting
5	This is a winner
5	my throat is better
5	I liked the seeds
2	Pocky sticks together
5	This stuff is good
4	They changed the ingredients
2	The bags are oily
1	Package was Torn
1	Keurig machine clog
5	no after taste awesome
5	I love this Pasta
5	Scary Love 'm
2	Quality Is Gone
2	I enjoy this coffee
5	This popcorn is good
5	this is the best product
5	These are my favorite bars
5	CET Hextra Chews
5	Stella is happy
2	One seed germinate
5	I enjoyed the shampoo
1	CRUNCHIES IS DISAPPOINTING
1	the box tasted better
4	Cheddar Chees Curds
5	I love this puppy food
3	THIS WAS A 5 STAR
5	SPLENDA IS SPLENDID
1	These brownies are horrible
4	Blueberry is disappointing
2	It was an OK mix
5	Twinkies are delicious
5	This is a fantastic rub
5	I love my Senseo
1	THIS IS A TEST
5	Sour Punch Twists
5	We love this rub
4	Xylichew is great
5	Mom Is Happy
2	Quality is inconsistent
1	Your dog deserves better
5	Hotter is better
5	Ground bay leaves
1	The photo is deceptive
3	Mountain bar downsized
5	SOUP 'S ON
5	Tea Lovers Rejoice
5	It 's a syrup
5	SALSITAS ARE AMAZING
5	Cornuts are good
1	These Tomatillos Are Horrible
5	Smoothness sis remembered
5	Cramps be gone
2	CET Hygiene chews
5	I LOVE this ketchup
5	Grape Laces Rock
5	That 's A Big Bottle
3	chocolate lovers beware
5	I like the nutty flavor
4	Hair feels soft
5	Bellyflops are great
5	gourmet chef requested
5	I love these little guys
5	C.E.T. Dog Chews
2	there is an aftertaste
3	This is a fine powder
4	Results were fine
3	Beans Seem Fresh
5	Roses Are Red
3	Quaker is better
5	PB2 Is amazing
3	Price is steep
3	Jelly belly flops
5	miss porky chews
5	I love this matcha
5	it 's the best
5	I love your coffee
5	I love these sardines
5	My Dog Is Happy
2	Folgers is better
1	Order never receved
5	Excellent training treats
5	the tea is terrific
5	I Love This Water
2	43 % grew
5	Pouches are best
4	I enjoy this soup
5	The search is over
4	Carb Counters Bakesquick
4	Their teabags are sweeter
5	This is an awsome soup
4	Taste is personal
5	I love this item
5	This is the one
3	Pataks is so-so
5	i love this candy
2	Order shipped short
2	Belly Flops flopped
3	This one is OK
1	Chocolate was melted
5	Mrs. Wages Ketchup
1	Microwave Popcorn Bowls
5	Garden Salsa Rocks
1	Blah- tastes weird
3	Starbucks is better
5	Dandy is great
5	Rawhide Dog Chews
4	airheads = awesome
3	THE PRODUCT IS WONDERFUL
5	the secret is out
5	My dog is addicted
1	Weight is mislabelled
4	Good stuff awaits
1	it 's a sugar bomb
5	This tea is good
3	Looks are deceiving
5	I LIKE THIS HOLDER
3	I Love the white cheez-it
5	C.E.T. VeggieDent Chews
5	They 're the Yummiest Snack
5	taste is excellent
5	I LOVE this tea
5	This tea is delicious
3	Lollipops are better
5	I like these peppercorns
5	Coconut oil rocks
1	Taste is HORRIBLE
5	Nothing beats a Slim Jim
5	We love this olive oil
5	It 's a good earth
5	My Baby 's Addicted
5	this is the one
5	It 's Some Good Joe
5	Crystal Lite SUCKS
4	Puppy is indifferent
5	Hall Cough Drops
1	Milk was spoiled
5	This is my second one
5	It 's a feast
1	Cans were smashed
1	skippy is scary
5	Best cookies going
5	words cant describe
5	Leaking Bladder Fixed
4	Tamari seaweed snaps
5	Doggie Chew Rings
4	Sprouts are good
5	My wife is addicted
4	Noodles are good
5	Dogs Say Yummy
1	I GOT A WILD HARE
5	snappish is deelish
5	this chocolate is phenominal
3	Rec 'd Damaged
1	Product was damaged
5	I love these seasonings
5	The Grass Is Greener
3	Caffeine is stronger
5	This stuff is AWESOME
5	Our baby is perfect
4	Taste 's good
1	The pineapple tastes terrible
2	No longer buying
1	OATS were DOA
5	we love this dressing
5	I love my bears
4	the wine is decent
3	box arrived crushed
1	DENTED CAN ALERT
3	Gingery Ginger Snaps
5	Chocolate Lovers Drink
5	wholesome sweetners agave
5	I NEED A DRINK
2	All cans are dented
5	This is the new Ketchup
5	This was a hit
5	Godd tasting sweetner
5	I love the wasabi peas
1	This food is terrible
5	Crunchies are amazing
1	Organic Buyers Beware
5	Dark Chocolate----- DOVE
5	I love my aerogrow
4	Coconut lovers delight
5	These changed my lifestyle
5	We love this cereal
5	Sardines woth buying
1	Cans were broken
4	These grits are great
1	TERRIBLE OLD MELTED
5	It 's the real thing
5	IZZE is good
5	It 's the flavor
5	I LOVE THIS GUM
5	I want the sampler
2	This order never came
5	This is a fantastic tea
5	We love this syrup
4	Chocolate Glaze Pop
1	pic is wrong
3	Safety seal broken
4	Less is better
5	These bars are yummy
4	This is a favorite
4	I prefer the classic
5	Crunchie is crunch-tastic
4	they do the job
5	My Dad Would Approve
2	The taste has changed
5	Dark Magic Decaff
2	Every can was dented
5	I love this sauce
5	A Diabetic MUST HAVE
5	This is an awesome product
5	This product is GREAT
5	This Does the Whole Thing
5	All Flavors Are Great
5	We love these capers
4	Pink is Good
4	I Love My Keurig
5	Twix are tasty
5	Atomic Fireballs revisted
4	non-messy training treat
4	NY CATS SPEAK
4	Stoned Wheat Thins
2	box was destroyed
1	Maltitol is toxic
5	I Found My Favorite
4	These Tomatoes are great
4	This saves our sheets
5	CHAI TEA MMMMMMM
5	It is a man thing
5	Baby Tears Plant
5	Wellness is great
3	The Jury is Out
5	I love these bars
5	Flavor Really Pops
5	Price was right
5	Dog is thrilled
5	This Product is Amazing
5	Zola is Great
5	It 's a Girl Ceegars
3	These chips are meh
2	These flavors taste terrible
5	I WANT MY MAYPO
4	I like this soup
5	Everyone Loves This Mix
5	this is a great product
5	I like a lot
3	Product is okay
2	Kuncheeze are squeezed
5	We love these brownies
5	Floosie Dog chews
5	Chiclets lovers unite
5	This is a terrific product
4	Sushi kit Rocks
5	coffe was great
5	Royal Canin Rocks
5	This WOWed my dogs
5	Bully stick rings
5	Stevia is great
3	I Like the Scent
5	Pigs Ears Ourchase
3	The Idea was nice
4	We loved this chili recipe
3	This one is okay
3	picky eaters beware
1	he had the poops
5	Kosher is Good
5	My Cat is obsessed
1	Jars were broken
5	molassas lovers rejoice
5	Pop-Tarts are Awesome
1	The olives were rancid
5	Amarena Cherries Supreme
5	Senses are overwhelmed
5	Our dog says WOOF
4	this product is good
4	Milk is flowing
2	Crackers are cracked
3	Lid was broken
3	Great beef look
5	I love this candy
5	Bisto Hmmmm good
5	recipient really appreciated
3	Popcorn was alright
5	this is the real deal
5	The taste is excellent
2	Flavor is off
5	candy junkies dream
5	THESE ARE THE BEST
3	Anti-perspirent is okay
4	Bigger is better
5	This is some good stuff
2	Seeds Stay Hard
1	they changed the recipe
1	Coffee is ok
2	Quality is Gone
1	This WAS a great product
5	Vinturi Delux set
5	I need my protein
5	The Hype Is Real
5	the product is good
4	Dark is best
3	I killed the plant
5	This tea is fantastic
5	This Company Is Awesome
5	I trust my dogs
2	I prefer a different brand
5	Value Bully Sticks
5	I love this GenMaiCha
5	i love this vanilla
1	Onslow Says Yuck
5	This is THE ramen
5	My cat never knew
5	It 's a HIT
5	Everyone loves this coffee
5	The price is right
5	It 's a good Coffee
5	Dark Magic Rules
5	I love This Tea
5	I love these bottles
5	Spice is nice
5	Pretzels are good
4	I had no age issues
5	Dog is happy
5	Coffee lovers dream
5	Metal Mouth Eliminated
4	These are a great-tasting alternative
5	The Search Is Over
5	I LOVE THIS MUESLI
5	stoned wheat thins
5	Inner Childs Delight
5	My Fave Veg Jerky
5	ALWAY 'S THERE
5	Vegetarian APBT approve
5	Those were the days
1	so many recalls
5	This is THE Verona replacement
5	I love these beans
2	Bag was torn
5	This is THE ONE
2	This is a TERRIBLE PRICE
5	Virbac Dog Chews
4	Taste was ok
5	2yr old loves
5	I enjoy this tea
3	They Have An Odd Texture
5	These crackers are crackin'
5	My mind is blown
1	Bacon is overwhelming
5	Flavor is Wonderful
4	We love these peas
4	there rrrrr great
5	This vinegar is delicious
5	I found my favorite coffee
1	size does matter
5	There 's a reason
2	Flavor is awful
5	This is my fuel
5	Splenda is cool
4	kashi go lean
3	I question its value
5	i love these lentils
5	neocate formula works
5	this milk is excellent
2	Another Brand is Better
1	bad buhtjolokia buy
5	cet veggident chews
5	chilled is good
5	Dragonfruit is delightful
5	Original Corn Thins
5	I love these things
5	The secret is out
3	Mine taste better
1	Candy tasted old
5	I LOVE my Beaba Babycook
1	This product is awful
5	beef tendons devoured
5	simple is best
1	bag was greasy
5	recipient was thrilled
1	Coffee Chupa Chups
5	Tea Lovers Delight
5	I Admire This Organization
5	I like the new packaging
4	Wilton Candy Melts
5	This stuff is fantastic
5	CET HEXtra Chews
1	Nutritional data suspect
5	Puckerooms really rock
5	greenies dog chews
2	Best Ever Treats
5	They Loved the Chunky
1	Gluten-free folks beware
2	Labeling is Incorrect
5	I enjoy the flavor
5	This is the Real Deal
4	these things are amazing
1	This is the worst coffee
5	Tapatio is Great
5	These things are adorable
5	Plain Good Eats
5	Ocumare is amazing
5	PB2 is awesome
5	A Vegan must have
5	I LOVE This Tea
5	This hits the spot
4	THEY DO THE JOB
2	Candy was stale
5	This stuff is amazing
5	This product is Great
5	I Love my Slo Pokes
5	This is the real stuff
4	straws kinda suck
5	A Coffee Must Have
5	I love this Cacao
1	Parmegiano is moldy
5	Spicy is nice
3	cats dont like
5	Packaging was Great
1	Walden Farms Dip
5	This is a good deal
1	Honey is Sub-Par
4	Wine Aerator set
5	This is the right taste
5	This is a great Tea
5	I love this salt
5	Asafoetida is wonderful
3	It 's an ok coffee
2	Packaging is misleading
5	Bigger is Better
5	Haupia is wonderful
5	this stuff is good
5	they are the best
5	I LOVE this product
1	sour punch twists
5	these are the jam
3	Description Is Wrong
5	I love the FRS powders
5	Atomic Fireballs Rule
5	This is an outstanding deal
2	They Ruined a Good Thing
5	Kal is wonderful
4	Size Does Matter
5	It 's our favorite brand
2	itty bitty treats
5	I have a Birman Cat
5	My order was fine
4	I like a little variety
4	Rooibos is great
2	Fresh is Best
3	Several broke open
3	Razzles Sorta Dazzle
2	There 's another way
5	Delicious fruit spread
5	This thing is great
3	Boxes are small
1	Sugar is natural
5	my cats are happy
5	Cats are ADDICTED
2	Dog stopped eating
2	Bisquick is Better
5	BLT lovers enjoy
5	This Chocolate is Heavenly
5	We love this coffee
4	Cereal is good
5	I love this Cappuccino
5	i love this coconut oil
3	Saco just soso
3	Fizzies are ok
3	my dog is picky
5	This is the stuff
5	This coffee is Good
4	I had the gutz
1	My flies are immune
4	I love this pack
5	My search is over
5	I Love this Rice Milk
5	It 's a boy cigars
1	These bars taste awful
5	these beans were wonderful
4	I like the taste
4	I am the energy KING
5	pop chips rock
5	best kind tried
1	Cat almost died
5	I love this applesauce
1	THIS STUFF IS AWFUL
2	No card was enclosed
1	This is no savings
5	This product is excellent
5	I love this walnut oil
5	THIS IS THE REAL DEAL
4	The taste keeps changing
5	great kids snack
3	Red is pink
5	This is some great coffee
5	These nuts are perfect
5	Boysenberries are back
3	Labeling is misleading
5	This tea is unique
5	I love this creamer
4	Newton fruit thins
1	They Changed the Product
5	Honey Graham Sticks
3	Delivery was fast
5	Great Corn Thins
5	Fruity tea-lovers dream
5	I LOVE these mints
4	They made a great effort
5	I love these Saladitos
5	This stuff is Great
5	My heart is thrilled
1	K-cups are defective
5	dingo ringo chews
1	Shipment also burst
5	My Jimmies Remain Unrustled
5	This is a No-Brainer
5	We love this flour
5	Pretzels kit perfect
1	This stuff is Dangerous
1	Picture is misleading
5	You Want Your Uncle Sam
3	Cans Popped Open
5	I am a Mochi Addict
1	Homemade Are Better
4	Brown Rice Snaps
5	This one is addicting
5	The price was right
5	Amazing Grass Superfood
2	package was opened
5	These nuts are great
4	It 's a good one
3	Cookies were terrible
1	Image is wrong
5	I like its taste
1	Flavors are off
2	Organic Corn Thins
5	larabar ginger snap
5	These noodles are great
5	It is the best
3	This was a gift
4	I Like the Grind
5	Brooks Tangy Ketchup
3	It 's an OK product
5	This is a great tea
1	This brand is awful
2	Dog got sick
5	I love these chips
2	The candy tastes different
1	It 's the anti-bacon experience
5	My tea tasted great
5	best ginger snaps
5	It is our office staple
5	I love this candY
5	I love those Turkey sticks
3	elmo is ok
4	We like the bricks
5	A Staple Must Have
